date,state,commodity,unit,price
2018-10-15,Adamawa,Yam,2.5 KG,1250.0
2018-10-15,Borno,Beans (red),2.5 KG,798.0
2018-10-15,Borno,Oranges,400 G,113.10000000000001
2018-10-15,Borno,Rice (local),2.7 KG,906.4
2018-10-15,Borno,Tomatoes,0.5 KG,73.4
2018-10-15,Borno,Yam,2.5 KG,637.25
2018-10-15,Yobe,Beans (red),2.5 KG,730.1111111111111
2018-10-15,Yobe,Oranges,400 G,98.88888888888889
2018-10-15,Yobe,Rice (local),2.7 KG,670.2222222222222
2018-10-15,Yobe,Tomatoes,0.5 KG,75.0
2018-10-15,Yobe,Yam,2.5 KG,339.25
2018-11-15,Adamawa,Rice (local),2.7 KG,558.0
2018-11-15,Borno,Beans (red),2.5 KG,892.8571428571429
2018-11-15,Borno,Oranges,400 G,106.25
2018-11-15,Borno,Rice (local),2.7 KG,895.2857142857143
2018-11-15,Borno,Tomatoes,0.5 KG,95.83333333333333
2018-11-15,Borno,Yam,2.5 KG,648.1666666666666
2018-11-15,Yobe,Beans (red),2.5 KG,677.7777777777778
2018-11-15,Yobe,Oranges,400 G,95.625
2018-11-15,Yobe,Rice (local),2.7 KG,675.8333333333334
2018-11-15,Yobe,Tomatoes,0.5 KG,72.14285714285714
2018-11-15,Yobe,Yam,2.5 KG,334.7142857142857
2018-12-15,Adamawa,Rice (local),2.7 KG,486.0
2018-12-15,Adamawa,Yam,2.5 KG,1241.0
2018-12-15,Borno,Beans (red),2.5 KG,1044.5
2018-12-15,Borno,Oranges,400 G,100.0
2018-12-15,Borno,Rice (local),2.7 KG,891.4285714285714
2018-12-15,Borno,Tomatoes,0.5 KG,85.85000000000001
2018-12-15,Borno,Yam,2.5 KG,552.5
2018-12-15,Yobe,Beans (red),2.5 KG,616.6
2018-12-15,Yobe,Oranges,400 G,95.55555555555556
2018-12-15,Yobe,Rice (local),2.7 KG,684.6
2018-12-15,Yobe,Tomatoes,0.5 KG,107.14285714285714
2018-12-15,Yobe,Yam,2.5 KG,247.71428571428572
2020-01-15,Borno,Beans (red),2.5 KG,447.7142857142857
2020-01-15,Borno,Oranges,400 G,105.12857142857142
2020-01-15,Borno,Rice (local),2.7 KG,761.8
2020-01-15,Borno,Tomatoes,0.5 KG,93.57142857142857
2020-01-15,Borno,Yam,2.5 KG,646.6
2020-01-15,Yobe,Beans (red),2.5 KG,313.625
2020-01-15,Yobe,Oranges,400 G,86.11111111111111
2020-01-15,Yobe,Rice (local),2.7 KG,616.1666666666666
2020-01-15,Yobe,Tomatoes,0.5 KG,28.333333333333332
2020-01-15,Yobe,Yam,2.5 KG,262.0
2020-02-15,Adamawa,Rice (local),2.7 KG,615.0
2020-02-15,Adamawa,Yam,2.5 KG,1185.0
2020-02-15,Borno,Beans (red),2.5 KG,376.14285714285717
2020-02-15,Borno,Oranges,400 G,70.0
2020-02-15,Borno,Rice (local),2.7 KG,832.6666666666666
2020-02-15,Borno,Tomatoes,0.5 KG,56.666666666666664
2020-02-15,Borno,Yam,2.5 KG,542.25
2020-02-15,Yobe,Beans (red),2.5 KG,351.57142857142856
2020-02-15,Yobe,Oranges,400 G,82.85714285714286
2020-02-15,Yobe,Rice (local),2.7 KG,671.0
2020-02-15,Yobe,Tomatoes,0.5 KG,57.142857142857146
2020-02-15,Yobe,Yam,2.5 KG,302.0
2020-03-15,Adamawa,Yam,2.5 KG,1400.0
2020-03-15,Borno,Beans (red),2.5 KG,405.57142857142856
2020-03-15,Borno,Oranges,400 G,85.71428571428571
2020-03-15,Borno,Rice (local),2.7 KG,837.5714285714286
2020-03-15,Borno,Tomatoes,0.5 KG,66.0
2020-03-15,Borno,Yam,2.5 KG,591.5625
2020-03-15,Yobe,Rice (local),2.7 KG,693.0
2020-03-15,Yobe,Yam,2.5 KG,1375.0
2020-04-15,Adamawa,Rice (local),2.7 KG,714.73
2020-04-15,Adamawa,Yam,2.5 KG,1691.83
2020-04-15,Borno,Beans (red),2.5 KG,417.0
2020-04-15,Borno,Oranges,400 G,135.0
2020-04-15,Borno,Rice (local),2.7 KG,840.5883333333333
2020-04-15,Borno,Tomatoes,0.5 KG,62.660000000000004
2020-04-15,Borno,Yam,2.5 KG,635.0528571428571
2020-04-15,Yobe,Rice (local),2.7 KG,715.5
2020-04-15,Yobe,Yam,2.5 KG,1026.065
2020-05-15,Adamawa,Rice (local),2.7 KG,777.9
2020-05-15,Borno,Beans (red),2.5 KG,493.5
2020-05-15,Borno,Oranges,400 G,88.5
2020-05-15,Borno,Rice (local),2.7 KG,929.0325
2020-05-15,Borno,Tomatoes,0.5 KG,66.56666666666666
2020-05-15,Borno,Yam,2.5 KG,625.5
2020-05-15,Yobe,Beans (red),2.5 KG,445.14285714285717
2020-05-15,Yobe,Oranges,400 G,85.71428571428571
2020-05-15,Yobe,Rice (local),2.7 KG,826.9171428571428
2020-05-15,Yobe,Tomatoes,0.5 KG,47.5
2020-05-15,Yobe,Yam,2.5 KG,413.63111111111107
2020-06-15,Adamawa,Yam,2.5 KG,1498.35
2020-06-15,Borno,Beans (red),2.5 KG,542.2
2020-06-15,Borno,Oranges,400 G,95.0
2020-06-15,Borno,Rice (local),2.7 KG,988.44
2020-06-15,Borno,Tomatoes,0.5 KG,65.0
2020-06-15,Borno,Yam,2.5 KG,657.6642857142857
2020-06-15,Yobe,Beans (red),2.5 KG,483.14285714285717
2020-06-15,Yobe,Oranges,400 G,93.88888888888889
2020-06-15,Yobe,Rice (local),2.7 KG,921.0288888888889
2020-06-15,Yobe,Tomatoes,0.5 KG,60.0
2020-06-15,Yobe,Yam,2.5 KG,406.587
2020-07-15,Borno,Beans (red),2.5 KG,517.2857142857143
2020-07-15,Borno,Oranges,400 G,107.0
2020-07-15,Borno,Rice (local),2.7 KG,989.6728571428572
2020-07-15,Borno,Tomatoes,0.5 KG,82.6
2020-07-15,Borno,Yam,2.5 KG,645.1157142857143
2020-07-15,Yobe,Beans (red),2.5 KG,592.8333333333334
2020-07-15,Yobe,Oranges,400 G,117.5
2020-07-15,Yobe,Rice (local),2.7 KG,953.38
2020-07-15,Yobe,Tomatoes,0.5 KG,118.75
2020-07-15,Yobe,Yam,2.5 KG,391.82
2020-08-15,Adamawa,Rice (local),2.7 KG,980.03
2020-08-15,Adamawa,Yam,2.5 KG,2703.1
2020-08-15,Borno,Beans (red),2.5 KG,531.8333333333334
2020-08-15,Borno,Oranges,400 G,82.6
2020-08-15,Borno,Rice (local),2.7 KG,1029.31
2020-08-15,Borno,Tomatoes,0.5 KG,68.75
2020-08-15,Borno,Yam,2.5 KG,667.4285714285714
2020-08-15,Yobe,Beans (red),2.5 KG,665.375
2020-08-15,Yobe,Oranges,400 G,77.14285714285714
2020-08-15,Yobe,Rice (local),2.7 KG,1119.197
2020-08-15,Yobe,Tomatoes,0.5 KG,88.57142857142857
2020-08-15,Yobe,Yam,2.5 KG,413.5
2020-09-15,Adamawa,Yam,2.5 KG,1954.6
2020-09-15,Borno,Beans (red),2.5 KG,551.1666666666666
2020-09-15,Borno,Oranges,400 G,100.0
2020-09-15,Borno,Rice (local),2.7 KG,1016.8033333333333
2020-09-15,Borno,Tomatoes,0.5 KG,75.0
2020-09-15,Borno,Yam,2.5 KG,654.3000000000001
2020-09-15,Yobe,Beans (red),2.5 KG,663.0
2020-09-15,Yobe,Oranges,400 G,85.0
2020-09-15,Yobe,Rice (local),2.7 KG,1170.0875
2020-09-15,Yobe,Tomatoes,0.5 KG,66.0
2020-09-15,Yobe,Yam,2.5 KG,418.2125
2020-10-15,Adamawa,Rice (local),2.7 KG,1159.74
2020-10-15,Adamawa,Yam,2.5 KG,2243.16
2020-10-15,Borno,Beans (red),2.5 KG,458.8
2020-10-15,Borno,Oranges,400 G,100.8
2020-10-15,Borno,Rice (local),2.7 KG,829.484
2020-10-15,Borno,Tomatoes,0.5 KG,96.85714285714286
2020-10-15,Borno,Yam,2.5 KG,722.2314285714285
2020-10-15,Yobe,Beans (red),2.5 KG,483.85714285714283
2020-10-15,Yobe,Oranges,400 G,70.0
2020-10-15,Yobe,Rice (local),2.7 KG,716.5
2020-10-15,Yobe,Tomatoes,0.5 KG,54.285714285714285
2020-10-15,Yobe,Yam,2.5 KG,326.0
2020-11-15,Adamawa,Rice (local),2.7 KG,922.27
2020-11-15,Adamawa,Yam,2.5 KG,1930.73
2020-11-15,Borno,Beans (red),2.5 KG,631.1666666666666
2020-11-15,Borno,Oranges,400 G,100.5
2020-11-15,Borno,Rice (local),2.7 KG,999.4833333333332
2020-11-15,Borno,Tomatoes,0.5 KG,65.5
2020-11-15,Borno,Yam,2.5 KG,693.0328571428571
2020-11-15,Yobe,Beans (red),2.5 KG,737.6666666666666
2020-11-15,Yobe,Oranges,400 G,80.0
2020-11-15,Yobe,Rice (local),2.7 KG,867.75
2020-11-15,Yobe,Tomatoes,0.5 KG,52.0
2020-11-15,Yobe,Yam,2.5 KG,432.93111111111114
2020-12-15,Adamawa,Rice (local),2.7 KG,909.0
2020-12-15,Adamawa,Yam,2.5 KG,2205.39
2020-12-15,Borno,Beans (red),2.5 KG,647.875
2020-12-15,Borno,Oranges,400 G,76.25
2020-12-15,Borno,Rice (local),2.7 KG,1004.935
2020-12-15,Borno,Tomatoes,0.5 KG,80.0
2020-12-15,Borno,Yam,2.5 KG,716.0975
2020-12-15,Yobe,Beans (red),2.5 KG,625.0
2020-12-15,Yobe,Oranges,400 G,80.0
2020-12-15,Yobe,Rice (local),2.7 KG,924.75
2020-12-15,Yobe,Tomatoes,0.5 KG,85.0
2020-12-15,Yobe,Yam,2.5 KG,403.5828571428571
2021-01-15,Adamawa,Rice (local),2.7 KG,903.13
2021-01-15,Adamawa,Yam,2.5 KG,2859.16
2021-01-15,Borno,Beans (red),2.5 KG,672.6666666666666
2021-01-15,Borno,Oranges,400 G,95.16666666666667
2021-01-15,Borno,Rice (local),2.7 KG,1043.1157142857141
2021-01-15,Borno,Tomatoes,0.5 KG,83.2
2021-01-15,Borno,Yam,2.5 KG,657.25875
2021-01-15,Yobe,Beans (red),2.5 KG,823.0
2021-01-15,Yobe,Oranges,400 G,104.28571428571429
2021-01-15,Yobe,Rice (local),2.7 KG,920.0
2021-01-15,Yobe,Tomatoes,0.5 KG,87.85714285714286
2021-01-15,Yobe,Yam,2.5 KG,414.09444444444443
2021-02-15,Adamawa,Rice (local),2.7 KG,904.5
2021-02-15,Borno,Beans (red),2.5 KG,724.25
2021-02-15,Borno,Oranges,400 G,112.5
2021-02-15,Borno,Rice (local),2.7 KG,1038.75
2021-02-15,Borno,Tomatoes,0.5 KG,71.28571428571429
2021-02-15,Borno,Yam,2.5 KG,718.1111111111111
2021-02-15,Yobe,Beans (red),2.5 KG,876.6666666666666
2021-02-15,Yobe,Oranges,400 G,80.71428571428571
2021-02-15,Yobe,Rice (local),2.7 KG,952.5277777777778
2021-02-15,Yobe,Tomatoes,0.5 KG,68.88888888888889
2021-02-15,Yobe,Yam,2.5 KG,387.57142857142856
2021-03-15,Borno,Beans (red),2.5 KG,1230.8
2021-03-15,Borno,Oranges,400 G,90.0
2021-03-15,Borno,Rice (local),2.7 KG,1115.0057142857142
2021-03-15,Borno,Tomatoes,0.5 KG,65.0
2021-03-15,Borno,Yam,2.5 KG,570.5714285714286
2021-03-15,Yobe,Beans (red),2.5 KG,1134.0
2021-03-15,Yobe,Oranges,400 G,113.55555555555556
2021-03-15,Yobe,Rice (local),2.7 KG,1057.3633333333335
2021-03-15,Yobe,Tomatoes,0.5 KG,71.9
2021-03-15,Yobe,Yam,2.5 KG,568.5
2021-04-15,Adamawa,Rice (local),2.7 KG,1078.87
2021-04-15,Adamawa,Yam,2.5 KG,2256.87
2021-04-15,Borno,Beans (red),2.5 KG,1343.5
2021-04-15,Borno,Oranges,400 G,92.6
2021-04-15,Borno,Rice (local),2.7 KG,1130.455
2021-04-15,Borno,Tomatoes,0.5 KG,71.6
2021-04-15,Borno,Yam,2.5 KG,711.2116666666667
2021-04-15,Yobe,Rice (local),2.7 KG,810.0
2021-04-15,Yobe,Yam,2.5 KG,646.4
2021-05-15,Adamawa,Rice (local),2.7 KG,1167.77
2021-05-15,Borno,Beans (red),2.5 KG,1360.8
2021-05-15,Borno,Oranges,400 G,99.0
2021-05-15,Borno,Rice (local),2.7 KG,1139.252
2021-05-15,Borno,Tomatoes,0.5 KG,79.8
2021-05-15,Borno,Yam,2.5 KG,612.7142857142857
2021-05-15,Yobe,Beans (red),2.5 KG,1252.0
2021-05-15,Yobe,Oranges,400 G,1472.0
2021-05-15,Yobe,Rice (local),2.7 KG,1076.2442857142858
2021-05-15,Yobe,Tomatoes,0.5 KG,67.75
2021-05-15,Yobe,Yam,2.5 KG,649.665
2021-06-15,Adamawa,Rice (local),2.7 KG,1203.0
2021-06-15,Adamawa,Yam,2.5 KG,3101.77
2021-06-15,Borno,Beans (red),2.5 KG,1497.75
2021-06-15,Borno,Oranges,400 G,100.0
2021-06-15,Borno,Rice (local),2.7 KG,1217.1783333333333
2021-06-15,Borno,Tomatoes,0.5 KG,101.0
2021-06-15,Borno,Yam,2.5 KG,1009.5200000000001
2021-06-15,Yobe,Beans (red),2.5 KG,1373.857142857143
2021-06-15,Yobe,Oranges,400 G,113.0
2021-06-15,Yobe,Rice (local),2.7 KG,1087.1125
2021-06-15,Yobe,Tomatoes,0.5 KG,95.85714285714286
2021-06-15,Yobe,Yam,2.5 KG,728.5916666666667
2021-07-15,Adamawa,Yam,2.5 KG,3127.77
2021-07-15,Borno,Beans (red),2.5 KG,1708.8
2021-07-15,Borno,Oranges,400 G,100.0
2021-07-15,Borno,Rice (local),2.7 KG,1174.76
2021-07-15,Borno,Tomatoes,0.5 KG,106.66666666666667
2021-07-15,Borno,Yam,2.5 KG,683.4
2021-07-15,Yobe,Beans (red),2.5 KG,1492.25
2021-07-15,Yobe,Oranges,400 G,107.85222222222222
2021-07-15,Yobe,Rice (local),2.7 KG,1176.896
2021-07-15,Yobe,Tomatoes,0.5 KG,74.45875
2021-07-15,Yobe,Yam,2.5 KG,639.98625
2021-08-15,Adamawa,Yam,2.5 KG,2464.74
2021-08-15,Borno,Beans (red),2.5 KG,1815.0
2021-08-15,Borno,Oranges,400 G,100.0
2021-08-15,Borno,Rice (local),2.7 KG,1199.0475000000001
2021-08-15,Borno,Tomatoes,0.5 KG,104.5
2021-08-15,Borno,Yam,2.5 KG,1036.3433333333332
2021-08-15,Yobe,Beans (red),2.5 KG,1576.7142857142858
2021-08-15,Yobe,Oranges,400 G,114.625
2021-08-15,Yobe,Rice (local),2.7 KG,1178.63125
2021-08-15,Yobe,Tomatoes,0.5 KG,79.83333333333333
2021-08-15,Yobe,Yam,2.5 KG,604.303
2021-09-15,Adamawa,Yam,2.5 KG,2188.43
2021-09-15,Borno,Beans (red),2.5 KG,1779.0
2021-09-15,Borno,Oranges,400 G,105.625
2021-09-15,Borno,Rice (local),2.7 KG,1243.8
2021-09-15,Borno,Tomatoes,0.5 KG,100.0
2021-09-15,Borno,Yam,2.5 KG,738.675
2021-09-15,Yobe,Beans (red),2.5 KG,1618.875
2021-09-15,Yobe,Oranges,400 G,106.5
2021-09-15,Yobe,Rice (local),2.7 KG,1125.597142857143
2021-09-15,Yobe,Tomatoes,0.5 KG,92.77777777777777
2021-09-15,Yobe,Yam,2.5 KG,560.25
2021-10-15,Adamawa,Rice (local),2.7 KG,865.65
2021-10-15,Adamawa,Yam,2.5 KG,2513.81
2021-10-15,Borno,Beans (red),2.5 KG,1779.0
2021-10-15,Borno,Oranges,400 G,102.66666666666667
2021-10-15,Borno,Rice (local),2.7 KG,1171.7540000000001
2021-10-15,Borno,Tomatoes,0.5 KG,100.0
2021-10-15,Borno,Yam,2.5 KG,1005.9575
2021-10-15,Yobe,Beans (red),2.5 KG,1445.4
2021-10-15,Yobe,Oranges,400 G,86.66666666666667
2021-10-15,Yobe,Rice (local),2.7 KG,1090.47
2021-10-15,Yobe,Tomatoes,0.5 KG,77.33333333333333
2021-10-15,Yobe,Yam,2.5 KG,508.2
2021-11-15,Adamawa,Yam,2.5 KG,2737.0
2021-11-15,Borno,Beans (red),2.5 KG,1586.6666666666667
2021-11-15,Borno,Oranges,400 G,100.0
2021-11-15,Borno,Rice (local),2.7 KG,1334.0
2021-11-15,Borno,Tomatoes,0.5 KG,90.75
2021-11-15,Borno,Yam,2.5 KG,899.5
2021-11-15,Yobe,Beans (red),2.5 KG,1179.7777777777778
2021-11-15,Yobe,Oranges,400 G,94.57142857142857
2021-11-15,Yobe,Rice (local),2.7 KG,1127.3333333333333
2021-11-15,Yobe,Tomatoes,0.5 KG,64.5
2021-11-15,Yobe,Yam,2.5 KG,523.6666666666666
2021-12-15,Adamawa,Yam,2.5 KG,3105.0
2021-12-15,Borno,Beans (red),2.5 KG,1460.5
2021-12-15,Borno,Oranges,400 G,112.5
2021-12-15,Borno,Rice (local),2.7 KG,1126.2
2021-12-15,Borno,Tomatoes,0.5 KG,90.625
2021-12-15,Borno,Yam,2.5 KG,988.75
2021-12-15,Yobe,Beans (red),2.5 KG,1190.1666666666667
2021-12-15,Yobe,Oranges,400 G,100.0
2021-12-15,Yobe,Rice (local),2.7 KG,1134.375
2021-12-15,Yobe,Tomatoes,0.5 KG,100.5625
2021-12-15,Yobe,Yam,2.5 KG,550.0
2022-01-15,Adamawa,Yam,2.5 KG,2582.0
2022-01-15,Borno,Beans (red),2.5 KG,1586.3333333333333
2022-01-15,Borno,Oranges,400 G,125.0
2022-01-15,Borno,Rice (local),2.7 KG,1216.5
2022-01-15,Borno,Tomatoes,0.5 KG,75.0
2022-01-15,Borno,Yam,2.5 KG,974.8333333333334
2022-01-15,Yobe,Beans (red),2.5 KG,1216.4285714285713
2022-01-15,Yobe,Oranges,400 G,108.6
2022-01-15,Yobe,Rice (local),2.7 KG,1126.111111111111
2022-01-15,Yobe,Tomatoes,0.5 KG,107.6
2022-01-15,Yobe,Yam,2.5 KG,520.7777777777778
2022-02-15,Adamawa,Rice (local),2.7 KG,928.0
2022-02-15,Adamawa,Yam,2.5 KG,2582.0
2022-02-15,Borno,Beans (red),2.5 KG,1496.5
2022-02-15,Borno,Oranges,400 G,130.0
2022-02-15,Borno,Rice (local),2.7 KG,1245.3333333333333
2022-02-15,Borno,Tomatoes,0.5 KG,68.75
2022-02-15,Borno,Yam,2.5 KG,937.5
2022-02-15,Yobe,Beans (red),2.5 KG,1293.5555555555557
2022-02-15,Yobe,Oranges,400 G,103.75
2022-02-15,Yobe,Rice (local),2.7 KG,1170.7222222222222
2022-02-15,Yobe,Tomatoes,0.5 KG,83.6
2022-02-15,Yobe,Yam,2.5 KG,717.1428571428571
2022-03-15,Borno,Beans (red),2.5 KG,1618.6666666666667
2022-03-15,Borno,Oranges,400 G,125.0
2022-03-15,Borno,Rice (local),2.7 KG,1234.5257142857142
2022-03-15,Borno,Tomatoes,0.5 KG,75.0
2022-03-15,Borno,Yam,2.5 KG,749.285
2022-03-15,Yobe,Beans (red),2.5 KG,1343.3333333333333
2022-03-15,Yobe,Oranges,400 G,96.16666666666667
2022-03-15,Yobe,Rice (local),2.7 KG,1176.3871428571426
2022-03-15,Yobe,Tomatoes,0.5 KG,104.0
2022-03-15,Yobe,Yam,2.5 KG,591.781111111111
2022-04-15,Adamawa,Rice (local),2.7 KG,1148.4
2022-04-15,Borno,Beans (red),2.5 KG,1490.75
2022-04-15,Borno,Oranges,400 G,60.833333333333336
2022-04-15,Borno,Rice (local),2.7 KG,1421.625
2022-04-15,Borno,Tomatoes,0.5 KG,45.0
2022-04-15,Borno,Yam,2.5 KG,1037.8674999999998
2022-04-15,Yobe,Beans (red),2.5 KG,1298.0
2022-04-15,Yobe,Oranges,400 G,121.0
2022-04-15,Yobe,Rice (local),2.7 KG,1176.2142857142858
2022-04-15,Yobe,Tomatoes,0.5 KG,68.4
2022-04-15,Yobe,Yam,2.5 KG,662.7777777777778
2022-05-15,Borno,Beans (red),2.5 KG,1655.5
2022-05-15,Borno,Oranges,400 G,132.75
2022-05-15,Borno,Rice (local),2.7 KG,1462.0
2022-05-15,Borno,Tomatoes,0.5 KG,75.0
2022-05-15,Borno,Yam,2.5 KG,857.6666666666666
2022-05-15,Yobe,Beans (red),2.5 KG,1354.7
2022-05-15,Yobe,Oranges,400 G,108.0
2022-05-15,Yobe,Rice (local),2.7 KG,1233.2344444444445
2022-05-15,Yobe,Tomatoes,0.5 KG,108.0
2022-05-15,Yobe,Yam,2.5 KG,819.3116666666666
2022-06-15,Borno,Rice (local),2.7 KG,1388.43
2022-06-15,Borno,Yam,2.5 KG,3077.47
2022-06-15,Yobe,Rice (local),2.7 KG,1194.0
2022-06-15,Yobe,Yam,2.5 KG,516.67
2022-07-15,Borno,Rice (local),2.7 KG,975.61
2022-07-15,Borno,Yam,2.5 KG,1183.61
2022-07-15,Yobe,Rice (local),2.7 KG,1194.0
2022-07-15,Yobe,Yam,2.5 KG,540.1
2022-08-15,Adamawa,Rice (local),2.7 KG,1282.21
2022-08-15,Adamawa,Yam,2.5 KG,3002.21
2022-08-15,Borno,Yam,2.5 KG,2435.04
2022-08-15,Yobe,Rice (local),2.7 KG,1226.0
2022-09-15,Adamawa,Yam,2.5 KG,2505.4
2022-09-15,Borno,Rice (local),2.7 KG,1096.07
2022-09-15,Borno,Yam,2.5 KG,2436.07
2022-09-15,Yobe,Rice (local),2.7 KG,1267.6
2022-09-15,Yobe,Yam,2.5 KG,476.67
2022-10-15,Adamawa,Yam,2.5 KG,2830.52
2022-10-15,Borno,Rice (local),2.7 KG,1151.8400000000001
2022-10-15,Borno,Yam,2.5 KG,1096.71
2022-10-15,Yobe,Rice (local),2.7 KG,1301.325
2022-10-15,Yobe,Yam,2.5 KG,650.94
2022-11-15,Adamawa,Rice (local),2.7 KG,1417.93
2022-11-15,Borno,Rice (local),2.7 KG,1277.265
2022-11-15,Borno,Yam,2.5 KG,1803.65
2022-11-15,Yobe,Rice (local),2.7 KG,1335.4
2022-11-15,Yobe,Yam,2.5 KG,652.335
2022-12-15,Adamawa,Rice (local),2.7 KG,1327.45
2022-12-15,Borno,Rice (local),2.7 KG,1318.3400000000001
2022-12-15,Yobe,Rice (local),2.7 KG,1313.8049999999998
2023-01-15,Adamawa,Yam,2.5 KG,3023.0
2023-01-15,Borno,Rice (local),2.7 KG,1257.0
2023-01-15,Borno,Yam,2.5 KG,2034.5
2023-01-15,Yobe,Yam,2.5 KG,800.0
2023-02-15,Borno,Beans (red),2.5 KG,1313.5
2023-02-15,Borno,Oranges,400 G,143.75
2023-02-15,Borno,Rice (local),2.7 KG,1866.2
2023-02-15,Borno,Tomatoes,0.5 KG,75.16666666666667
2023-02-15,Borno,Yam,2.5 KG,621.25
2023-02-15,Yobe,Beans (red),2.5 KG,798.2222222222222
2023-02-15,Yobe,Oranges,400 G,108.6
2023-02-15,Yobe,Rice (local),2.7 KG,1563.2222222222222
2023-02-15,Yobe,Tomatoes,0.5 KG,75.88888888888889
2023-02-15,Yobe,Yam,2.5 KG,695.8888888888889
2023-03-15,Borno,Beans (red),2.5 KG,1150.0
2023-03-15,Borno,Oranges,400 G,131.0
2023-03-15,Borno,Rice (local),2.7 KG,1889.0
2023-03-15,Borno,Tomatoes,0.5 KG,61.5
2023-03-15,Borno,Yam,2.5 KG,579.75
2023-03-15,Yobe,Beans (red),2.5 KG,858.125
2023-03-15,Yobe,Oranges,400 G,113.83333333333333
2023-03-15,Yobe,Rice (local),2.7 KG,1631.8333333333333
2023-03-15,Yobe,Tomatoes,0.5 KG,58.75
2023-03-15,Yobe,Yam,2.5 KG,790.0
2023-04-15,Borno,Beans (red),2.5 KG,1237.5
2023-04-15,Borno,Oranges,400 G,146.2
2023-04-15,Borno,Rice (local),2.7 KG,1988.0
2023-04-15,Borno,Tomatoes,0.5 KG,57.75
2023-04-15,Borno,Yam,2.5 KG,620.4
2023-04-15,Yobe,Beans (red),2.5 KG,1118.8
2023-04-15,Yobe,Oranges,400 G,110.0
2023-04-15,Yobe,Rice (local),2.7 KG,1704.5
2023-04-15,Yobe,Tomatoes,0.5 KG,57.625
2023-04-15,Yobe,Yam,2.5 KG,735.8333333333334
2023-05-15,Borno,Beans (red),2.5 KG,1353.25
2023-05-15,Borno,Oranges,400 G,139.66666666666666
2023-05-15,Borno,Rice (local),2.7 KG,2092.6666666666665
2023-05-15,Borno,Tomatoes,0.5 KG,86.0
2023-05-15,Borno,Yam,2.5 KG,649.6666666666666
2023-05-15,Yobe,Beans (red),2.5 KG,1271.625
2023-05-15,Yobe,Oranges,400 G,120.0
2023-05-15,Yobe,Rice (local),2.7 KG,1739.2857142857142
2023-05-15,Yobe,Tomatoes,0.5 KG,76.33333333333333
2023-05-15,Yobe,Yam,2.5 KG,768.75
2023-06-15,Adamawa,Beans (red),2.5 KG,950.0
2023-06-15,Adamawa,Oranges,400 G,125.0
2023-06-15,Adamawa,Rice (local),2.7 KG,1750.0
2023-06-15,Adamawa,Tomatoes,0.5 KG,100.0
2023-06-15,Adamawa,Yam,2.5 KG,1400.0
2023-06-15,Borno,Beans (red),2.5 KG,1328.9444444444443
2023-06-15,Borno,Oranges,400 G,140.98454545454544
2023-06-15,Borno,Rice (local),2.7 KG,1898.743846153846
2023-06-15,Borno,Tomatoes,0.5 KG,136.38636363636363
2023-06-15,Borno,Yam,2.5 KG,1149.3891666666666
2023-06-15,Yobe,Beans (red),2.5 KG,1272.0
2023-06-15,Yobe,Oranges,400 G,108.14285714285714
2023-06-15,Yobe,Rice (local),2.7 KG,1834.2
2023-06-15,Yobe,Tomatoes,0.5 KG,132.5
2023-06-15,Yobe,Yam,2.5 KG,883.1666666666666
2023-07-15,Adamawa,Beans (red),2.5 KG,1213.71
2023-07-15,Adamawa,Oranges,400 G,161.29
2023-07-15,Adamawa,Rice (local),2.7 KG,1829.03
2023-07-15,Adamawa,Tomatoes,0.5 KG,193.97
2023-07-15,Adamawa,Yam,2.5 KG,1454.835
2023-07-15,Borno,Beans (red),2.5 KG,1362.4023076923077
2023-07-15,Borno,Oranges,400 G,151.31692307692308
2023-07-15,Borno,Rice (local),2.7 KG,1965.5936363636363
2023-07-15,Borno,Tomatoes,0.5 KG,167.32916666666668
2023-07-15,Borno,Yam,2.5 KG,1324.3246666666666
2023-07-15,Yobe,Beans (red),2.5 KG,1431.25
2023-07-15,Yobe,Oranges,400 G,160.0
2023-07-15,Yobe,Rice (local),2.7 KG,1910.0
2023-07-15,Yobe,Tomatoes,0.5 KG,125.0
2023-07-15,Yobe,Yam,2.5 KG,1666.6666666666667
2023-08-15,Adamawa,Beans (red),2.5 KG,1345.625
2023-08-15,Adamawa,Oranges,400 G,200.0
2023-08-15,Adamawa,Rice (local),2.7 KG,2226.875
2023-08-15,Adamawa,Tomatoes,0.5 KG,150.0
2023-08-15,Adamawa,Yam,2.5 KG,1792.5
2023-08-15,Borno,Beans (red),2.5 KG,1446.145
2023-08-15,Borno,Oranges,400 G,160.35916666666665
2023-08-15,Borno,Rice (local),2.7 KG,2239.8927272727274
2023-08-15,Borno,Tomatoes,0.5 KG,157.05375
2023-08-15,Borno,Yam,2.5 KG,1824.7963636363636
2023-08-15,Yobe,Beans (red),2.5 KG,1559.9266666666665
2023-08-15,Yobe,Oranges,400 G,137.035
2023-08-15,Yobe,Rice (local),2.7 KG,2104.6549999999997
2023-08-15,Yobe,Tomatoes,0.5 KG,143.51999999999998
2023-08-15,Yobe,Yam,2.5 KG,1535.0
2023-09-15,Adamawa,Beans (red),2.5 KG,1379.63
2023-09-15,Adamawa,Oranges,400 G,150.0
2023-09-15,Adamawa,Rice (local),2.7 KG,2228.7
2023-09-15,Adamawa,Tomatoes,0.5 KG,106.945
2023-09-15,Adamawa,Yam,2.5 KG,1355.555
2023-09-15,Borno,Beans (red),2.5 KG,1472.1246153846153
2023-09-15,Borno,Oranges,400 G,167.235
2023-09-15,Borno,Rice (local),2.7 KG,2391.375
2023-09-15,Borno,Tomatoes,0.5 KG,152.2
2023-09-15,Borno,Yam,2.5 KG,1708.961818181818
2023-09-15,Yobe,Beans (red),2.5 KG,1525.928
2023-09-15,Yobe,Oranges,400 G,172.778
2023-09-15,Yobe,Rice (local),2.7 KG,2135.7999999999997
2023-09-15,Yobe,Tomatoes,0.5 KG,120.814
2023-09-15,Yobe,Yam,2.5 KG,1566.666
2023-10-15,Adamawa,Beans (red),2.5 KG,1654.03
2023-10-15,Adamawa,Oranges,400 G,155.65
2023-10-15,Adamawa,Tomatoes,0.5 KG,100.0
2023-10-15,Adamawa,Yam,2.5 KG,1340.32
2023-10-15,Borno,Beans (red),2.5 KG,1701.6758333333335
2023-10-15,Borno,Oranges,400 G,173.93666666666664
2023-10-15,Borno,Rice (local),2.7 KG,2305.0
2023-10-15,Borno,Tomatoes,0.5 KG,130.03
2023-10-15,Borno,Yam,2.5 KG,1415.9470000000001
2023-10-15,Yobe,Beans (red),2.5 KG,1588.8728571428571
2023-10-15,Yobe,Oranges,400 G,188.6357142857143
2023-10-15,Yobe,Rice (local),2.7 KG,1926.305
2023-10-15,Yobe,Tomatoes,0.5 KG,148.22625
2023-10-15,Yobe,Yam,2.5 KG,1672.7275
2023-11-15,Adamawa,Beans (red),2.5 KG,1355.0
2023-11-15,Adamawa,Oranges,400 G,168.33
2023-11-15,Adamawa,Rice (local),2.7 KG,1706.52
2023-11-15,Adamawa,Tomatoes,0.5 KG,149.52
2023-11-15,Borno,Beans (red),2.5 KG,1720.9284615384615
2023-11-15,Borno,Oranges,400 G,188.5490909090909
2023-11-15,Borno,Rice (local),2.7 KG,2336.226666666667
2023-11-15,Borno,Tomatoes,0.5 KG,182.05499999999998
2023-11-15,Borno,Yam,2.5 KG,1635.9833333333333
2023-12-15,Adamawa,Beans (red),2.5 KG,1533.33
2023-12-15,Adamawa,Oranges,400 G,169.12
2023-12-15,Adamawa,Rice (local),2.7 KG,1993.505
2023-12-15,Adamawa,Yam,2.5 KG,1500.37
2023-12-15,Borno,Oranges,400 G,275.0
2023-12-15,Borno,Rice (local),2.7 KG,2200.0
2023-12-15,Borno,Tomatoes,0.5 KG,200.0
2023-12-15,Borno,Yam,2.5 KG,2675.0
2023-12-15,Yobe,Beans (red),2.5 KG,1700.0
2023-12-15,Yobe,Oranges,400 G,175.0
2023-12-15,Yobe,Rice (local),2.7 KG,2377.6666666666665
2023-12-15,Yobe,Tomatoes,0.5 KG,100.0
2023-12-15,Yobe,Yam,2.5 KG,1477.6666666666667
2024-01-15,Borno,Beans (red),2.5 KG,2957.7045454545455
2024-01-15,Borno,Oranges,400 G,248.1975
2024-01-15,Borno,Rice (local),2.7 KG,3416.3309090909092
2024-01-15,Borno,Tomatoes,0.5 KG,189.42499999999998
2024-01-15,Borno,Yam,2.5 KG,2185.117777777778
2024-01-15,Yobe,Beans (red),2.5 KG,2234.1666666666665
2024-01-15,Yobe,Oranges,400 G,188.35999999999999
2024-01-15,Yobe,Rice (local),2.7 KG,2652.334
2024-01-15,Yobe,Tomatoes,0.5 KG,143.05666666666667
2024-01-15,Yobe,Yam,2.5 KG,1907.7285714285715
2024-02-15,Borno,Beans (red),2.5 KG,2338.0750000000003
2024-02-15,Borno,Oranges,400 G,206.206
2024-02-15,Borno,Rice (local),2.7 KG,3019.8142857142857
2024-02-15,Borno,Tomatoes,0.5 KG,148.054
2024-02-15,Borno,Yam,2.5 KG,1992.4257142857143
2024-02-15,Yobe,Beans (red),2.5 KG,2553.108333333333
2024-02-15,Yobe,Oranges,400 G,223.26285714285714
2024-02-15,Yobe,Rice (local),2.7 KG,2973.08
2024-02-15,Yobe,Tomatoes,0.5 KG,195.45333333333335
2024-02-15,Yobe,Yam,2.5 KG,1971.0657142857142
2024-03-15,Borno,Beans (red),2.5 KG,3194.5825
2024-03-15,Borno,Oranges,400 G,220.916
2024-03-15,Borno,Rice (local),2.7 KG,3315.368
2024-03-15,Borno,Tomatoes,0.5 KG,148.848
2024-03-15,Borno,Yam,2.5 KG,2316.0750000000003
2024-03-15,Yobe,Beans (red),2.5 KG,2901.696
2024-03-15,Yobe,Oranges,400 G,220.888
2024-03-15,Yobe,Rice (local),2.7 KG,3289.801111111111
2024-03-15,Yobe,Tomatoes,0.5 KG,143.81833333333333
2024-03-15,Yobe,Yam,2.5 KG,2369.1575
2024-04-15,Borno,Beans (red),2.5 KG,3477.78
2024-04-15,Borno,Oranges,400 G,200.0
2024-04-15,Borno,Rice (local),2.7 KG,3066.67
2024-04-15,Borno,Yam,2.5 KG,1500.0
2024-04-15,Yobe,Beans (red),2.5 KG,3222.221666666667
2024-04-15,Yobe,Oranges,400 G,224.3942857142857
2024-04-15,Yobe,Rice (local),2.7 KG,3367.3814285714284
2024-04-15,Yobe,Tomatoes,0.5 KG,177.8425
2024-04-15,Yobe,Yam,2.5 KG,2456.6671428571426
2024-05-15,Borno,Beans (red),2.5 KG,4577.368
2024-05-15,Borno,Oranges,400 G,228.28400000000002
2024-05-15,Borno,Rice (local),2.7 KG,3567.9314285714286
2024-05-15,Borno,Tomatoes,0.5 KG,191.00799999999998
2024-05-15,Borno,Yam,2.5 KG,2865.207142857143
2024-05-15,Yobe,Beans (red),2.5 KG,3670.97
2024-05-15,Yobe,Oranges,400 G,278.31714285714287
2024-05-15,Yobe,Rice (local),2.7 KG,3292.4733333333334
2024-05-15,Yobe,Tomatoes,0.5 KG,202.38166666666666
2024-05-15,Yobe,Yam,2.5 KG,2517.945
2024-06-15,Borno,Beans (red),2.5 KG,5297.555
2024-06-15,Borno,Oranges,400 G,215.47428571428574
2024-06-15,Borno,Rice (local),2.7 KG,3722.95375
2024-06-15,Borno,Tomatoes,0.5 KG,361.69166666666666
2024-06-15,Borno,Yam,2.5 KG,3068.592857142857
2024-06-15,Yobe,Beans (red),2.5 KG,4838.334
2024-06-15,Yobe,Oranges,400 G,231.54125
2024-06-15,Yobe,Rice (local),2.7 KG,3551.18
2024-06-15,Yobe,Tomatoes,0.5 KG,250.995
2024-06-15,Yobe,Yam,2.5 KG,3394.6299999999997
2024-07-15,Yobe,Beans (red),2.5 KG,5227.9175
2024-07-15,Yobe,Oranges,400 G,307.096
2024-07-15,Yobe,Rice (local),2.7 KG,3709.5533333333333
2024-07-15,Yobe,Tomatoes,0.5 KG,352.4175
2024-07-15,Yobe,Yam,2.5 KG,3262.7466666666664
2024-08-15,Borno,Beans (red),2.5 KG,5000.0
2024-08-15,Borno,Oranges,400 G,350.0
2024-08-15,Borno,Rice (local),2.7 KG,4800.0
2024-08-15,Borno,Tomatoes,0.5 KG,200.0
2024-08-15,Borno,Yam,2.5 KG,4250.0
2024-08-15,Yobe,Beans (red),2.5 KG,5390.325
2024-08-15,Yobe,Oranges,400 G,259.7575
2024-08-15,Yobe,Rice (local),2.7 KG,4127.57
2024-08-15,Yobe,Tomatoes,0.5 KG,275.82666666666665
2024-08-15,Yobe,Yam,2.5 KG,3061.29
2024-09-15,Adamawa,Beans (red),2.5 KG,6200.0
2024-09-15,Adamawa,Oranges,400 G,350.0
2024-09-15,Adamawa,Rice (local),2.7 KG,4250.0
2024-09-15,Adamawa,Tomatoes,0.5 KG,287.5
2024-09-15,Adamawa,Yam,2.5 KG,2525.0
2024-09-15,Borno,Beans (red),2.5 KG,5605.261
2024-09-15,Borno,Oranges,400 G,348.00333333333333
2024-09-15,Borno,Rice (local),2.7 KG,4708.082142857143
2024-09-15,Borno,Tomatoes,0.5 KG,314.813
2024-09-15,Borno,Yam,2.5 KG,3382.7153846153847
2024-09-15,Yobe,Beans (red),2.5 KG,5591.305
2024-09-15,Yobe,Oranges,400 G,311.3142857142857
2024-09-15,Yobe,Rice (local),2.7 KG,4213.0344444444445
2024-09-15,Yobe,Tomatoes,0.5 KG,152.0514285714286
2024-09-15,Yobe,Yam,2.5 KG,2721.6639999999998
2024-10-15,Adamawa,Beans (red),2.5 KG,5750.0
2024-10-15,Adamawa,Oranges,400 G,600.0
2024-10-15,Adamawa,Rice (local),2.7 KG,4000.0
2024-10-15,Adamawa,Tomatoes,0.5 KG,200.0
2024-10-15,Adamawa,Yam,2.5 KG,2250.0
2024-10-15,Borno,Beans (red),2.5 KG,3940.6905882352944
2024-10-15,Borno,Oranges,400 G,383.58166666666665
2024-10-15,Borno,Rice (local),2.7 KG,4751.913636363636
2024-10-15,Borno,Tomatoes,0.5 KG,245.19428571428574
2024-10-15,Borno,Yam,2.5 KG,3197.793333333333
2024-10-15,Yobe,Beans (red),2.5 KG,4496.742857142857
2024-10-15,Yobe,Oranges,400 G,354.23857142857145
2024-10-15,Yobe,Rice (local),2.7 KG,3688.006
2024-10-15,Yobe,Tomatoes,0.5 KG,166.66666666666666
2024-10-15,Yobe,Yam,2.5 KG,3535.882
2024-11-15,Adamawa,Beans (red),2.5 KG,4018.52
2024-11-15,Adamawa,Oranges,400 G,600.0
2024-11-15,Adamawa,Rice (local),2.7 KG,3838.8900000000003
2024-11-15,Adamawa,Tomatoes,0.5 KG,200.0
2024-11-15,Adamawa,Yam,2.5 KG,1900.0
2024-11-15,Borno,Beans (red),2.5 KG,4099.822727272727
2024-11-15,Borno,Oranges,400 G,317.90555555555557
2024-11-15,Borno,Rice (local),2.7 KG,4475.933
2024-11-15,Borno,Tomatoes,0.5 KG,259.16
2024-11-15,Borno,Yam,2.5 KG,3258.046363636364
2024-11-15,Yobe,Beans (red),2.5 KG,3817.0020000000004
2024-11-15,Yobe,Oranges,400 G,384.5825
2024-11-15,Yobe,Rice (local),2.7 KG,3638.84
2024-11-15,Yobe,Tomatoes,0.5 KG,251.334
2024-11-15,Yobe,Yam,2.5 KG,2728.06
2024-12-15,Adamawa,Beans (red),2.5 KG,5500.0
2024-12-15,Adamawa,Oranges,400 G,470.0
2024-12-15,Adamawa,Rice (local),2.7 KG,3563.33
2024-12-15,Adamawa,Tomatoes,0.5 KG,293.33500000000004
2024-12-15,Adamawa,Yam,2.5 KG,3416.665
2024-12-15,Borno,Beans (red),2.5 KG,3805.682222222222
2024-12-15,Borno,Oranges,400 G,357.8008333333333
2024-12-15,Borno,Rice (local),2.7 KG,4288.8422222222225
2024-12-15,Borno,Tomatoes,0.5 KG,278.132
2024-12-15,Borno,Yam,2.5 KG,3335.416
2024-12-15,Yobe,Beans (red),2.5 KG,3153.7883333333334
2024-12-15,Yobe,Oranges,400 G,406.54714285714283
2024-12-15,Yobe,Rice (local),2.7 KG,3867.9985714285717
2024-12-15,Yobe,Tomatoes,0.5 KG,170.625
2024-12-15,Yobe,Yam,2.5 KG,3149.33625
2025-01-15,Adamawa,Beans (red),2.5 KG,3500.0
2025-01-15,Adamawa,Oranges,400 G,366.66499999999996
2025-01-15,Adamawa,Rice (local),2.7 KG,3883.335
2025-01-15,Adamawa,Yam,2.5 KG,2833.33
2025-01-15,Borno,Beans (red),2.5 KG,3798.262142857143
2025-01-15,Borno,Oranges,400 G,514.8846666666667
2025-01-15,Borno,Rice (local),2.7 KG,4230.942666666667
2025-01-15,Borno,Tomatoes,0.5 KG,222.47866666666667
2025-01-15,Borno,Yam,2.5 KG,3576.4121428571425
2025-01-15,Yobe,Beans (red),2.5 KG,3065.3866666666668
2025-01-15,Yobe,Oranges,400 G,403.205
2025-01-15,Yobe,Rice (local),2.7 KG,3846.555
2025-01-15,Yobe,Tomatoes,0.5 KG,235.5775
2025-01-15,Yobe,Yam,2.5 KG,3462.0885714285714
2025-02-15,Borno,Beans (red),2.5 KG,3830.6342857142854
2025-02-15,Borno,Oranges,400 G,410.2166666666667
2025-02-15,Borno,Rice (local),2.7 KG,4171.606
2025-02-15,Borno,Tomatoes,0.5 KG,208.06875
2025-02-15,Borno,Yam,2.5 KG,3198.059
2025-02-15,Yobe,Beans (red),2.5 KG,3316.5
2025-02-15,Yobe,Oranges,400 G,429.7616666666667
2025-02-15,Yobe,Rice (local),2.7 KG,3740.76
2025-02-15,Yobe,Tomatoes,0.5 KG,214.29833333333332
2025-02-15,Yobe,Yam,2.5 KG,3338.433333333333
2025-03-15,Borno,Beans (red),2.5 KG,3483.62125
2025-03-15,Borno,Oranges,400 G,312.5
2025-03-15,Borno,Rice (local),2.7 KG,4006.61375
2025-03-15,Borno,Tomatoes,0.5 KG,271.2366666666667
2025-03-15,Borno,Yam,2.5 KG,3012.97125
2025-03-15,Yobe,Beans (red),2.5 KG,2691.213333333333
2025-03-15,Yobe,Oranges,400 G,499.1925
2025-03-15,Yobe,Rice (local),2.7 KG,3750.0
2025-03-15,Yobe,Tomatoes,0.5 KG,213.845
2025-03-15,Yobe,Yam,2.5 KG,3650.0
2025-04-15,Borno,Beans (red),2.5 KG,3166.145
2025-04-15,Borno,Oranges,400 G,273.9109090909091
2025-04-15,Borno,Rice (local),2.7 KG,4063.3184615384616
2025-04-15,Borno,Tomatoes,0.5 KG,224.38857142857142
2025-04-15,Borno,Yam,2.5 KG,3117.395
2025-04-15,Yobe,Beans (red),2.5 KG,2649.645
2025-04-15,Yobe,Oranges,400 G,393.5175
2025-04-15,Yobe,Rice (local),2.7 KG,3450.0
2025-04-15,Yobe,Tomatoes,0.5 KG,187.5
2025-04-15,Yobe,Yam,2.5 KG,2994.4449999999997
2025-05-15,Borno,Beans (red),2.5 KG,2884.0673333333334
2025-05-15,Borno,Oranges,400 G,317.2885714285714
2025-05-15,Borno,Rice (local),2.7 KG,3906.514705882353
2025-05-15,Borno,Tomatoes,0.5 KG,250.828
2025-05-15,Borno,Yam,2.5 KG,3462.5190909090907
2025-05-15,Yobe,Beans (red),2.5 KG,2766.4828571428575
2025-05-15,Yobe,Oranges,400 G,392.85714285714283
2025-05-15,Yobe,Rice (local),2.7 KG,3361.4557142857143
2025-05-15,Yobe,Tomatoes,0.5 KG,357.14285714285717
2025-05-15,Yobe,Yam,2.5 KG,3906.48125
2025-06-15,Borno,Beans (red),2.5 KG,2694.071
2025-06-15,Borno,Oranges,400 G,333.8972727272727
2025-06-15,Borno,Rice (local),2.7 KG,3664.708181818182
2025-06-15,Borno,Tomatoes,0.5 KG,295.7077777777778
2025-06-15,Borno,Yam,2.5 KG,2960.9255555555555
2025-06-15,Yobe,Beans (red),2.5 KG,2822.213333333333
2025-06-15,Yobe,Oranges,400 G,406.9666666666667
2025-06-15,Yobe,Rice (local),2.7 KG,3140.0755555555556
2025-06-15,Yobe,Tomatoes,0.5 KG,302.2711111111111
2025-06-15,Yobe,Yam,2.5 KG,4064.1416666666664
2025-07-15,Borno,Beans (red),2.5 KG,2755.59
2025-07-15,Borno,Oranges,400 G,367.43833333333333
2025-07-15,Borno,Rice (local),2.7 KG,3736.8016666666667
2025-07-15,Borno,Tomatoes,0.5 KG,328.125
2025-07-15,Borno,Yam,2.5 KG,3865.164285714286
2025-07-15,Yobe,Beans (red),2.5 KG,2741.3583333333336
2025-07-15,Yobe,Oranges,400 G,405.2125
2025-07-15,Yobe,Rice (local),2.7 KG,2844.204
2025-07-15,Yobe,Tomatoes,0.5 KG,379.62833333333333
2025-07-15,Yobe,Yam,2.5 KG,4055.8700000000003
2025-08-15,Borno,Beans (red),2.5 KG,2671.498181818182
2025-08-15,Borno,Oranges,400 G,368.6036363636363
2025-08-15,Borno,Rice (local),2.7 KG,3251.5
2025-08-15,Borno,Tomatoes,0.5 KG,336.45875
2025-08-15,Borno,Yam,2.5 KG,3490.45625
2025-08-15,Yobe,Beans (red),2.5 KG,2465.145
2025-08-15,Yobe,Oranges,400 G,410.0
2025-08-15,Yobe,Rice (local),2.7 KG,2651.785714285714
2025-08-15,Yobe,Tomatoes,0.5 KG,302.5
2025-08-15,Yobe,Yam,2.5 KG,3766.668
2025-09-15,Adamawa,Beans (red),2.5 KG,3000.0
2025-09-15,Adamawa,Oranges,400 G,500.0
2025-09-15,Adamawa,Yam,2.5 KG,1500.0
2025-09-15,Borno,Beans (red),2.5 KG,2426.63
2025-09-15,Borno,Oranges,400 G,344.59666666666664
2025-09-15,Borno,Rice (local),2.7 KG,3189.9109090909087
2025-09-15,Borno,Tomatoes,0.5 KG,261.4153846153846
2025-09-15,Borno,Yam,2.5 KG,3155.259230769231
2025-09-15,Yobe,Beans (red),2.5 KG,2306.2599999999998
2025-09-15,Yobe,Oranges,400 G,387.47799999999995
2025-09-15,Yobe,Rice (local),2.7 KG,2669.9985714285713
2025-09-15,Yobe,Tomatoes,0.5 KG,273.8625
2025-09-15,Yobe,Yam,2.5 KG,3300.87875
2025-10-15,Adamawa,Beans (red),2.5 KG,2000.0
2025-10-15,Adamawa,Oranges,400 G,500.0
2025-10-15,Adamawa,Rice (local),2.7 KG,2316.6666666666665
2025-10-15,Adamawa,Tomatoes,0.5 KG,366.6666666666667
2025-10-15,Adamawa,Yam,2.5 KG,2684.21
2025-10-15,Borno,Beans (red),2.5 KG,2486.8292857142856
2025-10-15,Borno,Oranges,400 G,343.555625
2025-10-15,Borno,Rice (local),2.7 KG,2947.0674999999997
2025-10-15,Borno,Tomatoes,0.5 KG,245.4353846153846
2025-10-15,Borno,Yam,2.5 KG,3222.6207142857143
2025-10-15,Yobe,Beans (red),2.5 KG,1955.297142857143
2025-10-15,Yobe,Oranges,400 G,396.6857142857143
2025-10-15,Yobe,Rice (local),2.7 KG,2395.4125
2025-10-15,Yobe,Tomatoes,0.5 KG,221.40142857142857
2025-10-15,Yobe,Yam,2.5 KG,2791.266666666667
2025-11-15,Adamawa,Beans (red),2.5 KG,2000.0
2025-11-15,Adamawa,Oranges,400 G,400.0
2025-11-15,Adamawa,Rice (local),2.7 KG,1975.0
2025-11-15,Adamawa,Tomatoes,0.5 KG,400.0
2025-11-15,Adamawa,Yam,2.5 KG,3250.0
2025-11-15,Borno,Beans (red),2.5 KG,2361.1111111111113
2025-11-15,Borno,Oranges,400 G,375.0
2025-11-15,Borno,Rice (local),2.7 KG,2755.5555555555557
2025-11-15,Borno,Tomatoes,0.5 KG,289.2857142857143
2025-11-15,Borno,Yam,2.5 KG,2625.0
2025-11-15,Yobe,Beans (red),2.5 KG,1800.0
2025-11-15,Yobe,Oranges,400 G,416.6666666666667
2025-11-15,Yobe,Rice (local),2.7 KG,2325.0
2025-11-15,Yobe,Tomatoes,0.5 KG,295.0
2025-11-15,Yobe,Yam,2.5 KG,2625.0
